Company Name,Address,Phone,Mobile,Email,Website,Brand,EU_Approval_No,USFDA_Code,USFDA_Regd_No,BFFEA_Membership_No,Contact_Persons
ACHIA SEA FOODS LTD.," | 50/7 Shipyard Road, Labonchara, Khulna, Bangladesh.","+880-41-722648, 813837","01711-335274 (MD), 01711-963992 (Director)","info@achia-seafoods.com,",www.achia-seafoods.com,âOCEAN PEARLâ & âSITARAâ,,,USFDA Regd. No. 10132591610,BFFEA-001, | Mr. Md. Ali Azgar Nasir | Chairman | Mr. Md. Tariqul Islam Zaheer | Managing Director | Mr. Yousha Zaheer | Director
ACI AGROLINK LTD.," | ACI Center, 245 Tejgaon I/A, Dhaka-1208. | Amian, Tarali, Kaliganj, | Satkhira-9440,Bangladesh | Tel : 880-2-8878603-10, | Fax : +880-2-8878619-20 | Mob : 01313762225, 01713-052969 (Factory), | E-mail : info@amianshrimp.com | shoyeb@aci-bd.com; | Brand : âAMIANâ",,,,,,,,,BFFEA 123, | Mr. M. Anis Ud Dowla | Chairman | Mr. Dr. F H Ansarey | Managing Director
A FISH COMPANY LTD.,"14, Belayet Hossain Sarak, Rupsha Bheribadh, | Khula, Bangladesh. | Tel : 880-41-2830989 | Mob : 01713-419655 (CEO) | E-mail : 4stargroupkln@gmail.com | Brand : âAAâ",,,,,,,BK-08,USFDA Regd No. 18575292546,BFFEA-002, | Mrs. Arefin Islam | Managing Director | Miss Raquiba khan | Director | Mr. Md. Saiful Islam
ALPHA ACCESSORIES & AGRO EXPORT LTD.,"Office & Factory : | Nowpara (Katakhali), Fakhirhat, Bagerhat | Tel : 880-4663-56013 | Mob : 01714-083659 | E-mail : alphaagrolg@gmail.com | Brand : âALPHAâ",,,,,,BAG-136,,USFDA Regd No. 12226491154,BFFEA-111, | Mr. Md. Arzan Ali | Managing Director | Director
A.K KHAN & CO. LTD.,"Head Office-Chattogram | Batali Hills, Chattogram, 4000","+8802333351050-2, 02333353963",+8801819218877 (Chairman),"akkhan.headoffice@akkhan.com | sontos@akkhan.com, akkmarine@gmail.com, akk.marine@akkhan.com",,âNEPTUNEâ & âSEAHAWKâ,,,,BFFEA-003, | Mr. A.K Shamsuddin Khan | Chairman | Mr.Salahuddin Kasem Khan | Managing Director
AMAM  SEA FOOD IND. LTD.,"Head Office : | House # 84, Road # 02, Sonadanga R/A, Khulna. | Factory : | Shingherchar, Aichgati Belphulia, Rupsha, Khulna | Mobile : 01712-584626 (MD) | E-mail : shkabir51@gmail.com,maruf515@gmail.com | sumaiyakabirduoffical@gmail.com | bushra.kabir1@gmail.com | Brand : âAMAMâ",,,,,,KLN-19,USFDA Code BK-13,USFDA Regd. No. 19488750468,BFFEA-004, | Mr. S. Humayun Kabir | Chairman & Managing Director | Mr. S. Alamgir Kabir | Director | Mr. S. Enamul Kabir | Director
AMIN FISH FARMS & IND. LTD.," | 6/7, BSCIC Industrial Estate & FIDC Road Kalurghat, Chattogram, Bangladesh.","880-31-670889, (Office & Factory), 031-637171 (MD-R), 2852633(CH-R), 672544 (ED-R)","01712-182681,01911-754675 (MD),",,,âSHELLâ,,"Cable : SHELL FISH, USFDA CODE : BC-21",,BFFEA-005, | Mrs. Jakia Chowdhury | Mr. Mostafa Arif Chowdhury | Managing Director | Mr. K. M. Rahman | Executive Director
ANRAJ FISH PRODUCTS IND. LTD.,"301, Hathazri Road, West Sholashahar, P.O-Amin Jute Mills, PS-Baizid, Chittagong-4211, Bangladesh. | Tel : 880-31-682962, 684673, 2584381 | Mob : 01755-564388 (MD), | Fax : 880-31-2581657 | E-mail : info@anrajfish.com, | adhir1936das@gmail.com | Web : www.anrajfish.com | Brand : âLASSOâ & âSHARKâ | US FDA Code: BC-43",,,,,,CTG-42,,USFDA Regd No-19022823682,: BFFEA-006, | Mr. Adhir Ranjan Das | Managing Director | Mrs. Shilpy Rani Diswas | Director
APEX FOODS LTD.,"Shanta Skymark (Level 8th to 13th) 18 Gulshan Avenue, Gulshan, Dhaka-1212. | 51-B (1) Shagarika Road, Chittagong | Tel : 88-02-222283358 | Fax : 88-02-222261685 | E-mail : apex@apexfoods.com, | factory@apexfoods.com, | ashim@apexfoods.com | Tel :880-2-43150881-3 | Fax :880-2-43150885 | Brand : âAPEXâ | US FDA CODE: BC-13",,,,,,CTG-35,,USFDA Regd. No. 12120344362,: BFFEA-007, | Mr. Shahriar Ahmed | Managing Director | Mr. Ashim Kumar Barua | Director
APPOLO  SEA FOODS LTD.," | Char Rupsha, Jabusha, Rupsha, Khulna",,01712-041783,shahidul.apolloseafoods@gmail.com,,âASFLâ,,,,BFFEA-103, | Mr. Khandaker Shahidul Islam | Chairman | Mr. Ainul Haque | Managing Director | Mrs. Nasima Haque | Director | Mrs. Lily Islam | Director
AQUA FISHERIES LTD.,"BSCIC Industrial Estate, Estate, Jhilonja, Coxâs Bazar, Bangladesh. | Contact Address: House # 3(1st Floor), Road # 9/B, Sector # 07, Uttara, Dhaka. | Corporate Office: 2 Bangabondhu Avenue, Gulistan Shopping Complex (9th Floor), Dhaka-1000. | Tel : 88-02-9464444 | Mob : 01711-409456, 01911-409456, 01511-409456",,,aquafisheriesltd1988@gmail.com,,,,USFDA CODE : BC-45,USFDA Regd. No. 18844174758,BFFEA-008, | Mr. Mohammad Shohel S. Hussain | Director | Mr. Rakib Shakhawat Hussain | Director
AQUA FOODS LTD.,"A/12, BSCIC Ind. Estate Sagarika Road | P.O. Custom Academy, Chittagong-4219. | Tel : 880-31-750875 (office) | Fax : 880-31-750876 | Mob : 01711-962596 (MD)",,,aqua_ctg@yahoo.com,,,,USFDA CODE : BC-16,USFDA Regd. No. 18844174758,BFFEA-009, | Mrs. Jamila Mahbub | Chairman | Mrs. Raisa Mahbub | Managing Director
AQUAMAX LTD.,"1-7 KDA Avenue, Royal More, Khulna City 9100, Bangladesh | Nildumur Road, Datinakhali, Burigoalini, Shyamnagar, Satkhira 9453, Bangladesh",,"01714-040894, 01959-571817",aquamax.seafoods@gmail.com,www.aquamaxseafood.com,âJEWELâ,,,,BFFEA-127, | Managing Director | Director
ARK SEAFOODS LTD.,"BSCIC Ind. Estate, Faujdarhat, Chittagong. | Tel : 880-2-43150711, 43151588, 751588 | Mob : 01711-728312, 01715-444454, 01730-510510 | E-mail : arkfish@colbd.com, info@arkseafoods.com | Brand : âANCHORâ âTIGERâ",,,,,,CTG-66,,USFDA Regd. No. 19745975268,BFFEA-011, | Mr. Md. Aminullah | Managing Director | Mr. Kamrul Hasan | Deputy Managing Director
ASIAN SEA FOOD LTD.,"Registered Office : Dilkusha Centre, 28, Dilkusha C/A Suit # 1903, 19th floor, Dhaka-1000, Bangladesh | Tel : 880-2-9553916, 9564599, 7170016 | Mob : 01711-523172 (Ch), 01713-033707 (MD) | E-mail : info@seafood-bangladesh.com | kohinoor06@gmail.com | Web : www.seafood.bangladesh.com | Tel : 880-41-725973, 720790, 810531 | Brand : âKOHINOORâ | US FDA CODE : BK-23",,,,,,KLN-107,,USFDA Regd. No. 18542125252,BFFEA-012, | Mr. Azizur Rahman | Managing Director
ATLAS SEA FOOD LTD.,"Rupsha Approach Road, | Khulna, Bangladesh | Tel : 880-2477-727175, 727362",,01718-848773 (GM),,www.atlassseafood.com,,KLN-77,,USFDA Regd No. 10239753748,BFFEA-013, | Mr. S.M. Azizul Alam | Chairman | Mr. S.M. Mizanur Rahman | Managing Director | Mrs. Nusrat Alam | Director | Mr. Prodip Kumer Dey
BANGLADESH FROZEN FISH & FROGLEGS LTD.," | FIDC Road, Kalurghat, Chittagong, Bangladesh | Tel : 880-31-726846-50 | E-mail : tsi@bbts.net | Brand : âHALYCONâ & âLILLYâ",,,,,,,USFDA CODE : BC-25,,BFFEA-014, | Mr. J.K Paul | Director
BANGLADESH JATIYA MOITSHAJIBI SAMABAYA SAMITY LTD. (BJMSS).," | 27, Iqbal Road, Patharghata, Chattogram-4219 | Mobile :01711-748901 | E-mail : tajmunir160@gmail.com",,,,,,,,,BFFEA-015, | Mr. Md. Fakrul Islam
BAGHKHALI FISHERIES LTD.,"Airport Road, Coxâs Bazar | Corporate Office: | 19/C, Dhanmondi R/A, Road # 01, Dhaka-1205 | Tel : 880-341-63624, 64349, 880-28611891-5, 8618220-7 | Mobile : 01711-522057 (CEO) | E-mail : beximco.cox@gmail.com",,,,,,,,,BFFEA-015, | Mr. Mosfequr Rahman | Chairman | Mr. Major (Rtd.) Parvez Hassan
BAGERHAT SEA FOOD IND. LTD.,"Corporate Office : Nawapara (Katakhali), Fakirhat | Bagerhat, Bangladesh | Factory : Town Nawapara, Fakirhat, Bagerhat, Bangladesh | Tel : 880-41-720318, 722347, 04663-56018-19 | 880-4663-56428 (F) | E-mail : ocean@khulna.bangla.net | bagerhatseafood@gmail.com | rahmanlockpurgroup@gmail.com | Mob : 01711-522887 | Brand : âOCEAN STARâ & âOCEAN BAYâ",,,,,,BAG-51,USFDA CODE : BK-52,,BFFEA-017, | Mr. S.M. Amzad Hossain | Managing Director
BD SEA FOOD LTD.,"Corporate Office : | Taher Tower (8' Floor) 10 Gulshan North Avenue, Guishan-2, Dhaka-1212, Bangladesh | Factory : CDA Plot No. 68-W (P) Sagarika Road, Pahartali, Chittagong | Tel : +88 02 9849422, +88 02 9849440-1 | +88 02 9849455-6, +88 02 9849459 | Fax : +88 02 9863360 | E-mail : info@bdseafood.net | Website : www.bdseafood.net",,,,,"""BDâ",CTG-97,,,BFFEA-019, | Mr. Badrul Haider Chowdhury | Vice Chairman | Mr. Mohammad Abu Shahriar | Managing Director
BIONIC FISH PROCESSING LTD.,"Garib Newaz Clinic Building (5th Floor) | K.D.A Avenue, Khulna, Bangladesh | Bagmara, Char Rupsha Rupsha, Khulna, Bangladesh | Tel : 880-2-477730790",,01711-953479,bionicseafoodexportltd@gmail.com,,,: KLN-58,,,BFFEA-021, | Mr. Md. Siddiqur Rahman | Managing Director
BRIGHT SEAFOOD LIMITED.,"4, T.B. Boundary Road, Moulovipara, Khulna, Bangladesh | East Rupsha, khulna, Bangladesh | Tel : 880277721774, +880277730478, +880277722221,",,01713-017763,info@brightseafoodltd.com,,,: KLN-102,,,BFFEA-022, | Mr. Md. Rezaul Haque | Chairman | Mr. Md. Mehedi Hasan | Managing Director | Mrs. Hasna Hena | Director
CHALNA MARINE PRODUCTS LTD.," | 48/1, Rupsha Strand Road, Khulna, Bangladesh | Chalna Bazar, Dacope, Khulna | Tel : 880-41- 725119, 2831247 (Office), | 880-40-2356063 (Factory)",,"01713-411333 (MD), 01711-296619,",,,,: KLN-63,BK-34,,BFFEA-023, | Chairman | Mr. Md. Jahangir Habib | Managing Director | Mr. Md. Jakir Habib | Director | Mr. Zahurul Habib Raihan | Director
CHOUDHURY & CO. BANGLADESH LTD.,"12 Park Road, Apartment-1A, Baridhara Model Town, Dhaka-1212. | 34/A, Kalurghat, Heavy Industrial Area, Chattogram-4208, Bangladesh. | Tel : 880-28826959, 02-334470073, 880-31-670073, | Fax : 880-31-670364, 02-334470364 | E-mail : info@seashorebd.com, | factory@seashorebd.com | Brand : âSEASHOREâ | USFDA Reg. No. 17030922576",,,,,,CTG-34,,,BFFEA-024, | Mr. Choudhury A.K Sadrul Ula | Chairman & Managing Director | Mr. Kafil Wara Choudhury | Deputy Managing Director
CI PRODUCTS LIMITED,"Office : 14, Belayet Hossain Sarak, Rupsha, | Bheribadh, Khulna-9100, Bangladesh. | Tel : 880-41-2830989",,"01720-813138 (MD),",,,,,,,BFFEA-025, | Mrs. Arefin Islam | Managing Director | Miss. Raquiba Khan | Director | Mr. Md Saiful Islam
COASTAL SEA FOODS LTD.,"B 11-12, BSCIC Industrial Estate, Sagarika Road, Chattogram-4219, Bangladesh | Tel : 880-31751865, 751565, 2770117 (O)",,01811-444777 (DMD),,www.coastalseafoodsltd.com,,CTG-46,,,BFFEA-026, | Deputy Managing Director
CONCEPTION SEA FOODS LTD.," | BCIC Sadan (1st Floor), 26 Agrabad, C/A Chattogram | BSCIC Ind. Estate. P.O. Box No. 6 Jhilonja Coxâs Bazar, Bangladesh | Tel : 880-31 711009, 711038,880-31-2517950",,"01911-844299,",,,,: CXB-47,,,BFFEA-027, | Mr. Mohammad Aslam Chowdhury | FCA Chairman | Mr. Mahmudul Hasan | Director
COSMOS SEA FOODS LTD.,"Office : 3, Haji Meher Ali Road, Iqbal Nagar, Khulna, Bangladesh | Rahim Nagar, Rupsha, Khulna | Tel : 88-02-44110640, 02477728117 (Office), | 880-41-800317 (Factory)",,"01711-295602 (MD),",,,,KLN-99,,,BFFEA-029, | Mr.Md. Munir Hossain | Managing Director | Director
COXâS BAZAR SEA FOODS,"Hazi Para, Zhilongja Main Road, | Coxâs Bazar, Bangladesh. | Tel : 880-341 63396, 64986 (O), 62178, 63208 Â® | 88028410699 (Dhk-R)",,"01711-402334, 01199-707019",,,,,,,BFFEA-030, | Mr. Syed Ziaul Huq | Managing Director
CRABEXCO LTD.,"Office : 228/C Tejgaon I/A, Dhaka-1208 | Factory : Kalbari, Burigoalini, Shyamnagar, Satkhira, Bangladesh.",,01929-371500,kabir4229@yahoo.com,,,,,,BFFEA-129, | Mr. Md. Anwarul Kabir | Managing Director | Mr. Md. Tareq Bin Abdullah | Director
CRIMSON ROSELLA SEAFOOD LTD.,"Factory : Ismailpur, Shyamnagar, Satkhira-9450 | Office : City Place (1st Floor), 16, Haji Mohsin Road, Khulna-9100 | Tel : 880-2477-730150, 730155, 727492",,"880-1912011124 (Chairman),",,,,SAT-98,,,BFFEA-031, | Mr. Md. Shahin Howlader | Chairman | Mr. Md. Delowar Hossain | Managing Director | Mr. Sayed Abu Morshed | Deputy Managing Director | Mr. Md. Jalal Uddin | Director & CEO
DEEPA SEA FOODS LTD.,"Office & factory : | BSCIC, Benerpota, Satkhira, Bangladesh",,"01761-730802 (MD), 01794-107877 (Office)",,,,,,,BFFEA-114, | Mr. Gowtum Das | Chairman | Mr. Dinobondhu Mitro | Managing Director
DELTA FISH LIMITED,"14, Belayet Hossain Sarak Rupsha, Bheribadh, Khulna-9100, Bangladesh | Chandpur, Debhata Satkhira, Bangladesh | Tel : 880-41-2830989, 01915463348 (Factory)",,"01713-419655 (MD), 01720-813138 (DMD), 01711-339849 (ED)",,,,SAT-28,,USFDA Regd. No. 12476713864,BFFEA-032, | Mr. Md. Saiful Islam | Managing Director | Mr. Md Shahidul Islam | Deputy Managing Director | Miss. Raquiba Khan | Executive Director
EUROCROSS FROZEN FOODS (BD) LTD.,"Unit # 5-8, BSCIC Industrial Estate Khadim Nagar, Sylhet-3103, Bangladesh | Tel : 880-821-2870101, 2870202",,01715-002785,,,,,,,BFFEA-033, | Mr. Mohammad Abdul Rob | Managing Director | Mr. Mohammad Abdul Wajid | Director
FAHIM SEAFOOD PROCESSING & FARMING LTD.,"Head office: | 31, Gagan Babu Road, Khulna-9100, Bangladesh | Debitala, Batiaghata, Khulna-9260, Bangladesh | Tel : +8802477722079",,"01714-083838 (MD), 01711-332171 (Dir)",,,,,,USFDA Regd. No. 16199971910,BFFEA-118, | Mr. M. A. Hassan Panna | Managing Director
FARID NINE STARS AGRO (BD) LTD.,"Corporate Office: | Plot No. B-19 (B), BSCIC, Cumilla-3500 | West Pora Katla, Burigoyalini, Shyamnagar, Satkhira | Tel : 880-81-72203, 77246, 77439 | E-mail : faridgroup@faridgroupbd.com | Brand : âFNSâ,",,,,,,,,,BFFEA-105, | Mr. Md. Belal Hossain | Managing Director
FARID NINE STARS AGRO FOODS (BD) LTD.,"Corporate office: | Plot No. B-19 (B), BSCIC, Cumilla-3500 | Jahajgata, Vurulia,, Shyamnagar, Satkhira",,"01792-939053, 01713-162503(Office)",,,,,,,BFFEA-124, | Mr. Md. Belal Hossain | Managing Director
FAROOK SEA FOODS LTD.,"Khan Tower (2nd Floor), A-50, K.D.A Majid Swarani, Khulna | South Mohamad Nagar Sachibunia, Batidhata, Khulna","880-41-722425, 722099 (Office)","01711-397777, 01914-325002",fsfasia.factory@gmail.com,,âNAZRANâ & âPREMIUMâ,KLN-117,,,BFFEA-101, | Mr. Sk. Farook Hossain | Managing Director | Mr. Khondoker Nazrul Islam
FISH GARDEN LIMITED.,"7, Abhoy Mitra Lane, Feringee Bazar, Kotowali, chattogram, Bangladesh | Charpathargata, Karnafuli, Chattagrom, Bangladesh",,"01819-320728 (MD), 01816-575722 (Dir)",,,,,,,BFFEA-034, | Mr. Mohammad Ali | Managing Director | Mr. Meer Ahmed | Director
FISH PRESERVES LTD.,"292, Nasirabad Industrila Area, Baizid Bostami Road, Chattogram, Bangladesh | Tel : 880-31-682455, 681666 (Office)",,"01817-295858 (Chairman),",,,,CTG-38,,USFDA Regd No. 14358341330,BFFEA-035, | Mr. Md. Aslam Chowdhury | Chairman | Mr. Rafayet Hasan Jamil | Managing Director
FRESH FOODS LTD.,"Office & Factory : | Elaipur, Tilok, Rupsha, Khulna, Bangladesh | Tel : 880-02-477730802, 02-477730803 | Fax: +88-02-477730834",,01711-217028,,,,,,,BFFEA-036, | Mr. Md. Towhidur Rahman | Managing Director | Mr. Md. Masudur Rahman | Director
FROZEN FOODS LTD.,"Corporate Office: Uttara Bank Bhaban (4th & 5th Floor), 90, Motijheel C/A, Dhaka-1000. | Golondaj Road, South Kattali | P.O. Halishahar H/E Chittagong. | Tel : 880-2-9554236 (PABX), 9567183 (PABX) | Mob : 01705-148038, 01913-529432 (GM) | E-mail : ffltd10@gmail.com | mirzanaim59@gmail.com | Brand : âSAMPANâ | US FDA CODE: BC-11",,,,,,CTG-60,,USFDA Regd. No. 18214647196,BFFEA-037, | Mr. Iftekharul Islam | Chairman & Managing Director | Mr. Azharul Islam | Executive Chairman | Mr. Mirza Naim Uddin
GEMINI SEA FOOD LTD.,"Head office: | House # 44, Road # 27 (Old), 16 (New) Dhanmondi, Dhaka-1209, Bangladesh. |  | Jabusha, Rupsha, Khulna-9241, Bangladesh | Tel : +880-02-477730799, 477730832, 477730844 | Fax : +880-02-477730845 | E-mail : gemini@geminigroup.com",,,,,âMEENAâ,KLN-14,,USFDA Regd. No: 12525970880,039, | Mrs. Ameenah Ahmed | Mr. Kazi Inam Ahmed | Managing Director | Mr. Mahmud Riyad
GLACIES FOOD LTD.,"30 M. M Ali Road, Jashore | Factory : Ramnagar, Rajarhat, Jashore Sadar, Jashore, Bangladesh","880-421-63536 (O) , 421-65944, 65966 (F)",01726-275243,glaciesfoodltd@gmail.com,,,,,,BFFEA-122, | Mrs. Nahid Hassan | Chairman | Mr. S. M Akhtaruzzaman | Managing Director
GLOBE FISHERIES LTD.,"Corporate office: | Plot No. 03/Ka (New) Tejgaon I/A Dhaka-1208 | Mirwarishpur, Begumgonj, Noakhali, Bangladesh","88-02-8879301-04, 880-321-53811 (Factory)",,globefisheries@gmail.com,,"""GLOBE""",,,,BFFEA-121, | Mr. Md. Harunur Rashid | Chairman | Mr. Md. Khalid Saifullah | Director | Mr. Md. Shahid Uddin Alamgir | Director
HABIB FROZEN FOODS LTD.," | 48/1, Rupsha Strand Road, Khulna, Bangladesh | Jabusa, Rupsha, Khulna, Bangladesh | Tel : 0088-02477-725119, 02477-729247 (Office)",,"01713-411333 (MD), 01711-296619,",,,,: KLN-143,,,BFFEA-126, | Mrs. Jashna Akter | Chairman | Mr. Jahangir Habib | Managing Director | Mr. Zahurul Habib Raihan | Director
HARBOR SEA FOODS LTD.,"Corporate office: Elaipur East, Rupsha, | Khulna, Bangladesh | Tel : 88-02-477730803 | Fax : +88-02-477730834",,01711-217028,,,,,,,BFFEA-041, | Mr. Md. Towhidur Rahman | Managing Director | Mr. Md. Masudur Rahman | Director
IBCO FOOD INDUSTRIES LTD.,"CDA Plot No. 50, Fouzderhat Ind/E, Sagarika Road, P.O. Custom Academy, Chittagong-4219 | Tel : 88-02-43150600, 43150700",,01819-318369 (GM),,,,CTG-92,,,BFFEA-044, | Mr. Iqbal Ahmed OBE | Chairman & Managing Director | Mr. Md. Shamsul Islam Khan (Shelim)
INTERNATIONAL SHRIMPS EXPORT (PVT) LTD.," | Char Rupsha, Bagmara, Rupsha, Khulna-9100 | Tel : 88-02-477730804",,"01711-351106, 01716-569831",seafoodinternationalkln03@gmail.com,,,KLN-03,,USFDA Regd. No- 18040190542,BFFEA-047, | Mr. Md. Kamrul Islam | Chairman | Mr. K.M Iqbal Hossain | Managing Director | Mr. Md. Ali Hossain | Director | Mr. Md Nur Islam | Director
JAHANABAD SEA FOODS LTD.,"16, Haji Mohsin Road, Khulna-9100, Bangladesh. | 1075, Char Rupsha, Bagmara, Rupsha, Khulna-9241, Bangladesh.",+8802477730853 (Factory),01671-074785,seagold.jsfl@gmail.com,www.seagoldbd.com,âSEA GOLDâ,KLN-02,,,BFFEA-048, | Mr. Mahnaz Khan | Chairman | Mr. Zakaria Pappu | Managing Director | Mrs. Shahala Parvin Irani | Director
JALALABAD SEA FOODS LTD.,"Office : | 16, Haji Mohsin Road Khulna-9100, Bangladesh | 1074, Char Rupsha ,Bagmara, Rupsha, Khulna-9241 | Tel : 880-41-2830075-6, 880-41-800451 | E-mail : maruf@jalalabadbd.com | commercialjahanabad@gmail.com | jalalabadoffice@gmail.com",,,,www.jalalabadbd.com,,KLN-93,,USFDA Regd. No. 18782280106,BFFEA-049, | Mrs. Salima Morsalin | Managing Director | Mrs. Rukaiya Maruf | Director
JAPAN FAST TRADE LTD.,"Office : 34, M.R Road, Magura, Bangladesh | Nildumur, Munshiganj Satkhira, Bangladesh",880-488-62127,"01715-534855, 01701-288112",kkgtx156@gmail.com,,âWATARIâ,,,,BFFEA-120, | Mr. Vivekananda Sikder | Managing Director
KHULNA FROZEN FOODS EXPORT LTD.,"16 Haji Mohasin Road (City Place), 3rd Floor, Room No. 404, Khulna, Bangladesh. | Bagmara, Naihati Union, Char Rupsha, Khulna, Bangladesh",880-2477-725659 (Office),,klnfrozenexpo@gmail.com,,âKFFEâ | BFFEA Membership No. BFFEA-050,KLN-12,,,, | Mr. Md. Monsur Ali | Chairman | Mr. S.M Asaduzzaman | Managing Director | Mrs. Nasirmazaman | Director | Mrs. Salma Khatun
KULIARCHAR COLD STORAGE LTD.,"Head Office : Apartment No. 3/A, House No. 2/D, Road No. 73-G, Gulshan-2 (North), Dhaka-1212. | Factory : Kuliarchar, Kishoregonj-2340, Bangladesh","880-2-2222297906, 2222297936, 2222294958","01713-243060 (Chairman),",info@kuliarchar.com,www.kuliarchar.com,âJCâ | BFFEA Membership No. BFFEA-051,KSJ-52,,,, | Mr. Bulbul Joynab Akter | Chairman | Mr. Imtiaz Bin Musa (Zesun) | Managing Director
KULIAR CHAR SEA FOODS (COXâS BAZAR) LTD.,"Head Office : Apartment No. 3/A, House No. 2/D, Road No. 73-G, Gulshan-2 (North), Dhaka-1212. | Plot No. A-1, B-16 & B-70 BSCIC Industrial Estate Jhilonja, Coxâs Bazar-4700.","880-2-2222297906, 2222297936, 2222294958","01713-243060 (Chr), 01771-777777 (MD)",info@kuliarchar.com,www.kuliarchar.com,âMEHNAZâ,,,,BFFEA-052, | Mr. Bulbul Joynab Akter | Chairman | Mr. Imtiaz Bin Musa (Zesun) | Managing Director
LOCKPUR FISH PROCESSING CO. LTD.,"Cor. Office: Nowapara (Katakhali, Fakirhat, Bagerhat, Bangladesh. | Factory : Rupsha East, Rupsha Khulna | Bangladesh | Tel : 880-41-720318, 722347, 04663-56018-19",,01711-297520,ocean@khulna.bangla.net,www.lockpurgroup.com,,KLN-18,,,BFFEA-054, | Mr. S.M. Amzad Hossain | Managing Director
MAHI FISH PROCESSING LTD.,"City Office : | 1627, SNB Bhaban (1st Floor), Nayabazar Masjid Line, Middle Rampur, Halishahar, Chittagong. | Office & Factory : | Station Road, Bhatiary, Chittagong-4315 | Tel : 880-31-724819, | Mob : 01819-239922 (MD), 01819-387301 (Director) | E-mail : mahifishctg@gmail.com | Brand : âMAHIâ âASIAN GOLDâ | US FDA CODE : BC-23",,,,,,CTG-41,,,BFFEA-055, | Mr. Maqsudur Rahman | Managing Director | Mr. Nur Karim | Director
MASHUD FISH PROCESSING & ICE COMPLEX,"Gultaj Plaza (7th Floor), 221 Khatungong, Chittagong-4000 | Factory : BFDC Plot No-15, 16 & 22, Ichanagar, Karnafully, Chattogram | Tel : 880-31-2856021(O), 2856035, 633556, 610605, 880-31-2552568 (R)",,"01711-723737 (MD), 01971-723828 (D)",,www.mashudgroup.com,,CTG-100,,,BFFEA-056, | Mr. Alhaj Md. Ashraf Hossain Mashud | Managing Director | Mr. Mohhammad Tanvir Hossain | Director
MARINE FOODS LTD.,"Head Office : | 300/A, Rebati Mohan Lane, Dampara, Chattogram | Factory : 212, Baizid Bostami Road, Nasirabad Industrial Estate, Chattogram | Tel : 880-31-619270, 627874 (O), 880-31-616737(R),","880-31683081, 682276 (F)",,,,âCRESCENTâ & TRAWLERâ,,BC-07,,BFFEA-057, | Managing Director
MEENHAR SEA FOODS LTD.,"Office : 58, Agrabad C/A (1st Floor), P.O. Box # 2025, Chattagram-4100 | Factory : 33A/2, FIDC Road, Kalurghat Industrial Estate Chattagram | Tel : 880-2-333310395, 880-31-726197 | Tel : 880-31-2550978 (MD-R), | Mob : 01711-747278 (MD) | E-mail : meenhargroup@meeenharbd.com | export@meenharbd.com | Tel : 880-31-670462, 670535 | Brand : âJASMINEâ & âMARIGOLDâ",,,,,,CTG-33,,USFDA Regd No. 118745089960,BFFEA-058, | Mr. Habibullaha Khan | Managing Director | Mr. Habib Ahsan Khan | Deputy Managing Director
MEENHAR FISHERIES LTD.,"Office : 58, Agrabad C/A (1st Floor), P.O. Box # 2025, Chattagram-4100 | Factory : BSCIC Ind Estate, Jhilonja, Coxâs Bazar | Tel : 880-2-333310395, 880-31-726197, | 880-31-2550978 (MD-R) | E-mail : menhargroup@meenharbd.com | export@meenharbd.com | Tel : 880-341, 63324, 64433(F) | Brand : âJASMINEâ",,,,,,CXB-50,,,BFFEA-059, | Mr. Habibullah Khan | Managing Director | Mr. Habib Ahsan Khan | Deputy Managing Director
MEGHNA SEA FOODS LTD.,"Factory : Mohara Ind Area, P.O : Al-Amin Bari | Kalurghat, Chattogram-4221 | Dhaka Office : Concord Tower Flat No: 903, 113 Kazi Nazrul Islam Avenue, Bangla motor, | Dhaka-1000 | Tel : 880-2-9342576, Fax : 880-2-8317774 | E-mail : ymsfldhaka@gmail.com, msflctg@gmail.com | Tel : 880-31-670471, | Fax : 880-31-671480 | Brand : âROSEâ | US FDA CODE : BC-19",,,,,,CTG-40,,USFDA Regd No. 13658453096,BFFEA-060,
MODERN SEA FOOD IND. LTD.,"Office : 4, T.B Boundary Road, Moulovipara, Khulna | Bangladesh | East Rupsha, Khulna, Bangladesh | Tel : +880247772174, +8802477730478, +8802477722221, | Mob : 01772-287000 | E-mail : rainbowbrand@gmail.com | Brand : âRAINBOWâ | US FDA CODE : BK-36 EU",,,,,,KLN-105,,,BFFEA-062, | Mr. Md. Rezaul Haque | Managing Director | Mrs. Hasna Hena | Director | Mr. Md. Mehedi Hasan | Director
MOFA FISH PROCESSING (PVT.) LTD.,"Office & Factory : | 267, West Baridhara Road, Jessore-7400 | Tel : 880-421-68454, 66998 | Mob : 01711-217664 (GM) | E-mail : mofabrand@gmail.com | Web : www.mofafish.com | Brand : âMOFAâ | EU Approval No, JES-86",,,,,,,,USFDA Regd No. 14641665832,BFFEA-063, | Mr. Md. Abbas Ali Biswas | Chairman | Mr.Md. Bashir Uddin Ahmed
MOSTAFA ORGANIC SHRIMP PRODUCTS LIMITED,"Corporate Office : MOSTOFA CENTER, 1102/A, Agrabad C/A, Chattogram, Bangladesh | Factory : BSCIC Ind. Area, Binerpota, Satkhira, Bangladesh | Tel : 880-471-64953-4, Fax : 880-471-64951 | Mob : 01710-999955 | E-mail : info@mosplbd.com | infomospl@gmail.com | Web : www.mosplbd.com | Brand : âFARMERâ, âFISHERMANâ & âNATUREâ | Bangladesh Approval No. SAT-108 | US FDA Regd No. 19196236332",,,,,,,,,BFFEA-064, | Mr. Kafil Uddin | Managing Director | Mr. Raqibur Rahman | Deputy Managing Director
M.U. SEA FOODS LTD.,"Office : 301, Hathazari Road, West Shoashahar | Chattogram | Factory : BSCIC Industrial Estate, Jhumjhumpur, Jessore | Tel : +8802477766877, 60120 & 60121 | E-mail : shyamal@museafoods.com | shymal.conch@gmail.com | Mob : 01713-400346",,,,www.museafoods.com,,JES â 55,,,BFFEA-065, | Mr. Shymal Das | Managing Director | Mr. Satyagith Das
NATIONAL SEA FOOD IND. LTD.," | 20/3 Fakir Bari Lane, Haji Mohsin Road, Khulna | Factory : Char Rupsha, Plot No. 52, Bagmara, Khulna-9241 | Tel : 88-02477-721928, 811859, 721789 | E-mail : nationalseafood.bd@gmail.com | nsfil.bd@gmail.com | Brand : âNSFILâ",,,,,,KLN-06,,,BFFEA-066, | Mr. Syed Abu Asfar | Managing Director | Mrs. Fouzia Begum | Director
NEW FOODS LTD.,"Head Office : 54, Purana Paltan line Dhaka Metro Scout Market (2nd Floor) ,Dhaka | Jabusha, East Rupsha, Khulna-9241, Bangladesh | Tel : 880-41-800168 (F)",,"01713-001055(MD), 01914-234054 (DMD)",,www.new-foods.net,,KLN-05,,,068, | Mr. Abdul Motaleb Khan | Managing Director | Mr. Ashek Mahmud Khan | Deputy Managing Director | Mr. Mollah Quamruzzaman Kamal | Executive Director
NIHAO FOOD CO. LTD.,"Factory : Plot # 17, BFDC, Isanagar, Charpathargata, | Karnafully, Chattogram, Bangladesh.","880-31-2850483 (O), 633326-27 (F)","01711-132027, 01678-399302 (MD)",nihaofoodcompanyltd@gmail.com,,âNIHAOâ,,,,BFFEA-116, | Mrs. Kona Rani Bose | Chairman | Mr. Shumendhu Bose | Managing Director
NIRALA SEA FOODS LTD.," | 148, Katpatty Road Patuakhali Sadar, Patuakhali | Tel : 880-441-62490 (O), 880-441-62648 (F) | 880-441-62079 (R)",,,niralaseafood@yahoo.com,www.niralaseafoodltd.com,,,,,, | Managing Director | Mr. Mehedi Hasan | Director
NOAKHALI GOLD FOODS LIMITED,"Registered Office : | 153-154, Tejgaon, I/A Dhaka-1208, Bangladesh | Factory : West Char Uria, Noakhali Union Sadar | Noakhali, Bangladesh | Tel : 880-2-8870133, Fax : 880-2-8870130 | E-mail : kmobaidul.ngfl@orion-group.net | Mob : 01755-607464, 01716-252461",,,,www.orion-group.net,,,,,BFFEA-070, | Mr. Mohammad Obaidul Karim | Chairman | Managing Director
ORIENTAL FISH PROCESSING & CULTURE LTD.," | 48, Khanjahan Ali Road, Khulna-9100, Bangladesh | Tel : 880-41-720891, 725001 (O), 725180(Res. MD) | E-mail : abdul.khaleque.sarker@gmail.com | baki.bgt@gmail.com | super.ofpck@gmail.com | Brand : âSUPERâ | US FDA CODE: BK-48",,,,,,KLN-17,,,BFFEA-071, | Mr. Md. Abdul Khaleque Sarker | Chairman | Mr. SK. Md. Abdul Baki | Managing Director | Mr. Md. Fazal Islam | Director
ORGANIC SHRIMPS EXPORT LTD.,"20/3, Fakir Bari Lane, Haji Mohsin Road, Khulna | Factory : Char Rupsha, Bagmara, Plot # 53, Khulna-9241 | Tel : 88-024477-721928, 811859, 722635, 721789 | E-mail : nsfil.bd@gmail.com | Brand : âWHITE GOLDâ",,,,,,KLN-82,,,BFFEA-072, | Mr. Syed Abu Asfar | Managing Director | Mrs. Fauzia Begum | Director
PACIFIC SEA FOODS LTD.,"Office & Factory : Plot no-P/4-B, CDA I/A Bahir Signal, Mohora, Kalurghat, Chattogram, Bangladesh","880-31-670371, 672101 (O)","01819-316022, 01584-786005 ((MD),",pacificdkd@gmail.com,,âPACIFIC GOLDâ âQUALITY PLUSââ,CTG-116,,USFDA Regd. No. 18105045010,BFFEA-100,: | Mr. Dodul Kumar Datta | Managing Director & CEO | Mr. Md. Abdul Manan | Director
PENGUIN ICE & FISH PROCESSING (PVT) LTD.,"Office : 63/B, Rangs Garden Palace, Plot No : A/7, Siddeshwari, Ramna, Dhaka | Ismailpur, Shyamnagar, Satkhira-9450 | Tel : 880-2-9340319, 9353500 | Fax : 880-2-9338128",,8801747-809614 (MD),moshiur4@yahoo.com,pifplbd.buZ.com,,SAT-29,,USFDA Regd No. 17183799440,BFFEA-074, | Mr.Lion Moshiur Ahmmed | Managing Director
PREMIUM FISH & AGRO INDUSTRIES LTD.,"Bolaura, Jhangail, Sunamgonj Road, Sylhet-3100, Bangladesh",880-821-710806,8801904-313200,shahjalalfoodsbd@gmail.com,,,,,,BFFEA No-115,: | Mr. Kollol Ahmed | Chairman | Mr.Mohammad Mahbubul Alam Chowdhury | CEO
PRIAM FISH EXPORT LTD.," | East Rupsha, Bagmara, Khulna, Bangladesh",,01716-070805 (Chairman),priamfishexportltd@gmail.com,,âAKâ & âCHOICE FOODâ,KLN-128,,,BFFEA-108,: | Mr. Md. Akter Hossain Khan | Chairman | Mr. Md. Abdul Kader | Managing Director
PRIMUS FROZEN FOODS LTD.,"Hotel Castle Salam Ltd Building (8th  Floor) | G-8, KDA Avenue, Khulna-9100, Bangladesh | Bagmara, Char Rupsha, Khulna, Bangladesh","88-02-4777720128, 44110549, 88-02-55039656",,primuskln@gmail.com,,âPRIMUSâ,KLN-127,,,BFFEA-107,: | Mr. M. M. A. Salam | Chairman | Mr. M. M. Aktaruzzaman Rasel | Managing Director | Mr. Masud Parvez | Deputy Managing Director | Mr. Md. Altaf Hossain | Executive Director
PRINCE SEA FOODS (PVT) LTD.,"Office : 66, Rupsha Stand Road, Khulna | Tel : 880-41-721517",,01982-671925,,,,KLN-106,,,BFFEA-075,: | Chairman | Mr. Kazi Saddam Shahnewaz | Managing Director | Mr. Kh. Mohammad Ali | Executive Director
RIVERAIN FISH & FOOD PROCESSING INDS. LTD.,"Corporate Office : Kamal Chamber (3rd Floor) | 61, Jubilee Road, Chattogram. | Factory : Plot  # 17/A, Block # A BSCIC Industrial Estate Sagarika Road, Chattogram, Bangladesh.",880-31-2773964,"01819-324447, 01707-897848, 01833-329065",admin@riverainfood.com,www.riverainfoods.com,âSEA FRESHâ,,,,BFFEA-109,: | Mr. Mohammad Shahjahan Chowdhury | Managing Director | Mr. Mohammad Imran Chowdhury | Director
ROSEMCO FOODS LIMITED," | Niklapur, East Rupsha, Khulna, Banglagesh.",,"01713-301009(Chr), 01713-201900 (MD), 01711-391046 (GM)","selim@eurofoods.co.uk,",,,KLN-111,,USFDA Regd No. 17494343066,BFFEA-076,: | Mr. Shelim Hussain | Chairman | Mr. Shariful Alam | Managing Director | Mr. Md. Selim Reza | Director (Operation)
RUPSHA FISH & ALLIED IND. LTD.,"Corporate Office: Nowapara (Katakhali), Fakirhat, Bagerhat, Bangladesh. | Paikpara, Rakhalgachi, Bagerhat, Bangladesh.","880-41-720318, 722347, 04663-56018-19",01713-425024,,,,BAG-76,,USFDA Regd No. 12483262150,BFFEA-077,: | Mr. S. M. Amzad Hossain | Managing Director
RUPALI SEA FOODS LTD.," | East Rupsha, PS. Rupsha, Khulna, Bangladesh. | Mob : 01715-001189 | Brand :âSEAGLORYâ | US FDA CODE : BK-42",,,,,,KLN-13,,,BFFEA-078,: | Chairman | Mr. SK. Kamrul Alam | Managing Director
SABJIANA LTD.,"Regd. Office : Taher Tower (8th Floor), 10 Gulshan North Avenue, Gulshan-2, Dhaka-1212. | Factory : CDA Plot No. 68 W (P)-A, Sagarika Road, Pahartali, Chattogram, Bangladesh. | Tel : +88029849422, +88029849440-1, +88029849455-6, +88029849459 (O), | Fax : 880-2-9863360",,,info@sabjiana.net,,,CTG-135,,,BFFEA-119,: | Mr. Tafhim Al Azmi | Chairman | Mr.Mohammad Badrul Haider Chowdhury | Managing Director
SAIDOWLA (PVT) ENTERPRISE LTD.,"Regd. Office: Shah Villa, 68, Rang Dhonu, Airport Road,Chouki Dekhi, Sylhet-3100, Bangladesh. | Factory : Weskhali, Sunamganj, Sylhet, Bangladesh. | Tel : 880-871-61445 (O), Fax : 880-871-61515 | Mob : 00447717832800 (Chairman) | 01713-201900 (MD)",,,shelim@eurofoodss.co.uk,,,SUN-53,,USFDA Regd No. 14559478040,BFFEA-080,": | Mr. Shelim Hussain, MBE | Chairman | Mr. Shariful Alam | Managing Director"
SAINT MARTIN SEA FOOD LTD.,"Office & Factory : National Garden City, 43/8, Ahsan Ahmed Road, Khulna | Factory : Elaipur, Mongla Road, Rupsha, Khulna, Bangladesh | Tel : 880-41-800167, 800219 (F) | Mob : 01711295108, 01767-537819 (MD), | E-mail : seafoodsaintmartinltd@gmail.com | Brand : âCORALâ & âCHERRYâ",,,,,,KLN-75,,,BFFEA-081,: | Mrs. Shireen Akter | Chairman | Mr. Ruhul Amin | Managing Director
SALAM SEA FOODS LTD.,"Office & Factory : Char Rupsha, Bagmara (Purba Rupsha) Khulna, Bangladesh | Factory : Char Rupsha, Bagmara, Khulna | Tel : +880-2-477730809",,"01912-011125, 01713-411111,",,,,KLN-72,,USFDA Regd No. 17946930352,BFFEA-082,: | Mr. Syed Badruzzaman Bilash | Chairman | Mr. Kamrul Hassan | Managing Director | Mr. Md. Taufiqul Islam | Deputy Managing Director
SAR & CO. LTD.,"Factory & Office : B-7, 8, 21 & 22, Fouzderhat BSCIC Ind Estate, Block-A, Sagarika Road Chittagong-4219, Bangladesh. | Tel : 880-31-751302, 751956, 752112 (O)",,"01711-526061(Chairman),",,www.sarnco.com,,CTG-31,,USFDA Regd No. 10054936244,BFFEA-083,: | Mr. Jashim Uddin Ahmed Chowdhury | Chairman | Mr. Mustafa Mahmud | Managing Director
SATKHIRA FOODS LTD.,"5, Municipal Tank Road, Khulna, Bangladesh",,01711-217062 (MD),,,,,,,BFFEA-084,
SB FREEZING COLD STORAGE LTD.,"Office & Factory : | Shajahan Bablu Tower, Dhaka-Chattogram Highway, South Matuail, Jatrabari, Dhaka-1362, Bangladesh.","880-2-7553350, 7553370",01712-528852,sbgroupdhaka@gmail.com,,âPUNNOâ,,,,BFFEA-113,: | Mr. Md. Shajahan Bablu | Managing Director
SEA FRESH LTD.,"Office & Factory : | Elaipur, Rupsha, Khulna, Bangladesh | Tel : 88-02-477730835 | Fax : +88-02-477730815 | Mob : 01711-217028 | E-mail : seafreshlimited@gmail.com | export@freshgroup-bd.com | Web : www.seafreshltd.com | Brand : âOCEAN FRESHâ",,,,,,KLN-79,,,BFFEA-86,: | Mr. Md. Towhidur Rahman | Chairman | Mr. Md. Masudur Rahman | Managing Director
SEAMARK (BD) LIMITED,"Office : | CDA Plot No. 50, Fouzderhat Ind./E, Sagarika Road, R.O Custom Academy, Chittagong- 4219 | Tel : 880-31-752300, 750600 (O)",,01819-318369 (GM),,,,CTG-72,,,BFFEA-087,: | Mr. Iqbal Ahmed OBE | Chairman & Managing Director | Mr. Md. Shamsul Islam Khan (Shelim)
SEAMARK (HOLDINGS) LIMITED,"Office : | CDA Plot No. 50, Fouzderhat Ind./E, Sagarika Road, R.O Custom Academy, Chittagong- 4219 | Factory : | 5-C Sholashahar, Light Industrial Area, Chattogram | Tel : 880-31-752300, 750600 (O), 683024 (F) | Fax : 880-31-752301 | E-mail : info@seamarkstlbd.com | Web : www.seamark.co.uk | Brand : âSTLâ, âPIGEONâ, âIBCOâ & âTIGERâ | US FDA CODE : BC-27",,,,,,CTG-36,,,BFFEA-088,: | Mr. Iqbal Ahmed OBE | Chairman & Managing Director | Mr. Md. Shamsul Islam Khan (Shelim)
SEVEN OCEANS FISH PROCESSING LTD.,"Corresponding Office: House # 03, Road # 35 | Secor # 07 Uttara, Dhaka-1230, Bangladesh | Factory : Area-Noapara, P.O. Akhrail, Sub-District: Trisal, Mymensingh, Bangladesh","880-02-58955458, 58953265, 58956779",,info.sofpl@7oceans-group.com,www.7oceans-group.com,âRIVER QUEENâ,DHK-125,,,BFFEA-106,: | Mr. Farid Ahmed Khan | Managing Director | Mr. Md. Zahirul Islam
SEVEN STAR FISH PROCESSING CO.LTD.,"M.M. Ali Road, Shibrampur, Pabna. | Bypass Road, Laxkorpur, Pabna.","880-731-65186, 65565 (O), 63498 (R),","01711-524195 (Ch), 01711-387954 (MD)",imdad.7star@yahoo.com,,âSEVEN STAR'â,,,,BFFEA-099,: | Mr. Md. Emdad Hossain | Chairman | Mr. Md. Firoz Hossain | Managing Director | Mr. Kazi Abdul Mannan | Director
SHAHNEWAZ SEA FOODS (PVT) LTD.," | 37, Rupsha Strand Road, Khulna-9100, Bangladesh.",880-2-4788-38767,"01912-127737, 01913805129",ssfl.eagle@gmail.com,,"""EAGLE""",KLN-24,,,BFFEA-089,: | Mr. Md. Wahidul Islam | Managing Director | Director Mr. Fardin Preom | Director | Mr. Md. Farhan Islam Prohor | Director
SHAMPA ICE & COLD STORAGE LTD.,"Corporate Office: Nowapara, (Katakhali), Fakirhat | Office Bagerhat, Bangladesh. | Factory : Nowapara, Fakirhat, Begerhat, Bangladesh | Tel : 880-41-720318, 722347, 04663-56018-19, 880-4663-56128 (F)",,8801711-217975,,,,BAG-83,,,BFFEA-090,: | Mr. S.M. Amzad Hossain | Managing Director
SOBI FISH PROCESSING IND. LTD,"Office & Factory : Natun Bazar, Launch Ghat, Wapda Road, Khulna-9100 | Tel : 02477-726367, 02477-721629, | 02477-721078 (O), 02477-722228 (R) | Mob : 01711-531337 (MD - ISD) | E-mail : sobifishkln@gmail.com | info@sobibrand.com | web: www.sobibrand.com | Brand : âSOBIâ | US FDA CODE BK-51",,,,,,KLN-22,,,,: | Mr. Kazi Belayet Hossain | Managing Director
SOBI SEA FOODS LTD.,"Office & Factory : Natun Bazar, Launch Ghat, Wapda Road, Khulna-9100 | Tel : 02477-726367, 02477-721629, | 02477-721078 (O), 02477-722228 (R) | Mob : 01711-531337 (Chairman-ISD)",,01712-888204 (MD),,www.sobibrand.com,,,,,095,: | Mr. Kazi Belayet Hossain | Chairman | Mr. Kazi Abul Kalam Azad (Biku) | Managing Director
SOUTHERN FOODS LIMITED,"Ofice & Factory: | Elaipur, Rupsha, Khulna, Bangladesh | Tel : 880-41-733942 | E-mail : kundugoutam8@gmail.com | southernerk@gmail.com | Mobile : 01711-297000 | Brand : âIDEALâ | US FDA CODE : BK-49",,,,,,KLN-09,,,BFFEA-096,: | Mr. Goutam Kumar Kundu | Managing Director | Mr. Md. Asgar Hossain | Director
SOUTHFIELD FISHERIES LIMITED,"Office & Factory : | Bagmara, Rupsha East, Khulna-9241, Bangladesh | Tel : 880-41-800334, 800335 | Fax : 880-41-800336 | E-mail : southfield7@gmail.com | Web : www.southfieldfisheries.com | Brand : âCHINGRIâ",,,,,,KLN-85,,,BFFEA-097,: | Mr. Khondoker Aynul Islam | Managing Director
STAR SEA FOOD IND. LTD.,"19, Nur Fattah Lane, Lalbag, Dhaka-1211 | Deara, Jugihati, Rupsha, Khulna.",,"01711-522424 (MD), 01714-002054 (DMD)",starsea_food@yahoo.com,,âSTARâ,KLN-84,,USFDA Regd. No. 16536598646,BFFEA-098,: | Mr. Md. Salah Uddin | Managing Director
SUNDARBAN SEA FOOD INDUSTRIES LTD.," | Ramnagar, Rupsha East Khulna, Bangladesh",,01819-095072 (Managing Director),sundarban.seafood.bd@gmail.com,,âSONYâ & âRONYâ,,,,112,: | Mr. M.H Chowdhury | Managing Director | Mr. Md. Nurul Alam Chowdhury | Director
TRUST SEA FOOD INDUSTRIES LTD.," | 43/11, Ahsan Ahmed Road, Khulna-9100, Bangladesh | Bhandarkot, Batiaghata, Khulna, Bangladesh",880-41-725656,"8801711-829387 (Chairman),",trustseafood@gmail.com,,âTRUSTâ,,,,BFFEA-104,: | Mr. Md. Fazlul karim | Chairman | Mr. A.K.M Fazlul Haque | Managing Director
TOTAL FOOD PROCESSING PVT. LTD,"Office & Factory (Bangladesh): | Plot # (470,472, 468) Rupsha Bridge Approach Road Jabusa, Rupsha, Khulna, Khulna-9241, Bangladesh.",,01322-908104,contact@totatfoodbrocessihg.com | findit@totalfooduk.com,www.totalfoodprocessing.com | www.totalfooduk.com,,,,,BFFEA-128,: | Mr. Mohammed Rezaur Rahman | Managing Director | Director
UNIQUE ICE & FOODS LTD.,"Office & Factory : | Jabusha, Jabusha-9241, Rupsha, Khulna, Bangladesh.","880-041-800568, 800569",01715-387958,uifl.office.bd@gmail.com,,âUNIQUEâ,,,,BFFEA-117, | Mr. Md. Humayun Kabir | Chairman | Mr. Md. Nazmul Haque Sumon | Managing Director | Mr. Md. Khairul Anam | Director
UNIPEX TRADE CORPORATION LTD.,"Office & Factory : | Jabusha, Rupsha, Khulna, Bangladesh.","880-041-800568, 800569","01761-730802, 01816-329982",uniqueoffice17@gmail.com,,âUNIQUEâ,,,,BFFEA-117,: | Mr. Md. Khairul Anam | Managing Director
VIRGO FISH & AGRO PROCESS LTD.,"Corporate Office : House # 178, Road # 02 DOHS | Baridhara, Dhaka-1206, Bangladesh | Satrupara, PD: Chakpachpara, PS: Trishal, Mymensingh, Bangladesh.","880-2-8410674, 8411905, 8412856",8801847-131407,"info@virgo.com.bd, vfapl@virgo.com.bd",www. virgo.com.bd,âVIRGOâ,,,,BFFEA-110,: | Managing Director | Mr. Syed Nafiz Nazrul Raiyan | Dy. Managing Director
